{"cameraMode":{"drawMode":0,"name":"Shaded","section":"Shading Mode"},"sceneLighting":false,"audioPlay":false,"sceneViewState":{"showFog":true,"showMaterialUpdate":false,"showSkybox":true,"showFlares":true,"showImageEffects":true,"showParticleSystems":true},"in2DMode":false,"pivot":{"x":-0.040470317006111148,"y":0.8957037925720215,"z":-0.00009994953870773315},"rotation":{"x":-0.004221431910991669,"y":0.9861887097358704,"z":-0.16360501945018769,"w":-0.02544526755809784},"size":1.3381352424621583,"orthographic":false}