{"cameraMode":{"drawMode":0,"name":"Shaded","section":"Shading Mode"},"sceneLighting":false,"audioPlay":false,"sceneViewState":{"showFog":true,"showMaterialUpdate":false,"showSkybox":true,"showFlares":true,"showImageEffects":true,"showParticleSystems":true},"in2DMode":false,"pivot":{"x":-5.8673322200775149e-8,"y":0.4000000059604645,"z":-1.0058283805847168e-7},"rotation":{"x":-0.14502474665641786,"y":0.309560626745224,"z":-0.047833990305662158,"w":-0.9385371804237366},"size":1.3274083137512208,"orthographic":false}