{"cameraMode":{"drawMode":0,"name":"Shaded","section":"Shading Mode"},"sceneLighting":true,"audioPlay":false,"sceneViewState":{"showFog":true,"showMaterialUpdate":false,"showSkybox":true,"showFlares":true,"showImageEffects":true,"showParticleSystems":true},"in2DMode":false,"pivot":{"x":0.1738886833190918,"y":2.403186082839966,"z":0.5900421142578125},"rotation":{"x":-0.10315296798944473,"y":0.3805665373802185,"z":-0.042763590812683108,"w":-0.9179869294166565},"size":5.61940336227417,"orthographic":false}