{"cameraMode":{"drawMode":0,"name":"Shaded","section":"Shading Mode"},"sceneLighting":false,"audioPlay":false,"sceneViewState":{"showFog":true,"showMaterialUpdate":false,"showSkybox":true,"showFlares":true,"showImageEffects":true,"showParticleSystems":true},"in2DMode":false,"pivot":{"x":0.8600000143051148,"y":2.4000000953674318,"z":12.210000038146973},"rotation":{"x":-0.01370315533131361,"y":0.9825671315193176,"z":-0.08065178245306015,"w":-0.1669413298368454},"size":0.42868226766586306,"orthographic":false}