{"cameraMode":{"drawMode":0,"name":"Shaded","section":"Shading Mode"},"sceneLighting":true,"audioPlay":false,"sceneViewState":{"showFog":true,"showMaterialUpdate":false,"showSkybox":true,"showFlares":true,"showImageEffects":true,"showParticleSystems":true},"in2DMode":false,"pivot":{"x":-0.0648667961359024,"y":0.5260154604911804,"z":0.0},"rotation":{"x":-0.31016626954078677,"y":0.05415017530322075,"z":-0.017698705196380616,"w":-0.9489738941192627},"size":2.0323126316070558,"orthographic":false}