{"cameraMode":{"drawMode":0,"name":"Shaded","section":"Shading Mode"},"sceneLighting":true,"audioPlay":false,"sceneViewState":{"showFog":true,"showMaterialUpdate":false,"showSkybox":true,"showFlares":true,"showImageEffects":true,"showParticleSystems":true},"in2DMode":false,"pivot":{"x":0.0,"y":1.1720000505447388,"z":0.22499999403953553},"rotation":{"x":0.053173620253801349,"y":-0.6350224614143372,"z":0.0438862070441246,"w":0.7694109082221985},"size":0.8573651909828186,"orthographic":true}